af_id,framework,domain,code,lib_name,description,wcgw_typical,nature,frequency,key,design_default,owner_type,test_procedures,applies_to_domains,archived
lib_p2p_001,COSO 2013,Procure-to-Pay,P2P-001,Validation par un tiers de la création de fournisseur,Toute création de fournisseur dans l'ERP doit être validée par une personne distincte du demandeur,Un employé crée un fournisseur fictif à son nom pour détourner des paiements,Manual,Day,true,Existing,Comptabilité Fournisseurs,Sélectionner 25 créations de fournisseurs sur la période. Vérifier la validation par un tiers indépendant.,"[""F - Finance""]",false
lib_p2p_002,COSO 2013,Procure-to-Pay,P2P-002,Contrôle anti-doublons sur SIRET et IBAN,L'ERP bloque la création si SIRET ou IBAN existe déjà. Revue trimestrielle des doublons potentiels,Doublons fournisseurs — Plusieurs fiches pour un même fournisseur permettent des paiements en doublon,IT-Dependent,Day,true,Existing,Comptabilité Fournisseurs,Tester par tentative de création d'un doublon. Fuzzy matching sur la base.,"[""F - Finance""]",false
lib_p2p_003,COSO 2013,Procure-to-Pay,P2P-003,Double validation des modifications d'IBAN avec callback,Toute modification d'IBAN nécessite double validation et appel de confirmation au fournisseur sur un numéro vérifié,Modification IBAN frauduleuse — Un attaquant modifie l'IBAN pour rediriger les paiements,Manual,Day,true,Existing,Comptabilité Fournisseurs,Sélectionner 15 modifications d'IBAN. Vérifier le callback et la double validation.,"[""F - Finance""]",false
lib_p2p_004,COSO 2013,Procure-to-Pay,P2P-004,Contrôle budgétaire bloquant à l'engagement,L'ERP vérifie la disponibilité budgétaire avant validation. Blocage sauf override Direction,Achat hors budget — Un manager engage des dépenses sans contrôle budgétaire,IT-Dependent,Day,true,Existing,Contrôle de Gestion,Tenter une saisie au-delà du budget. Lister les overrides et les justifier.,"[""F - Finance""]",false
lib_p2p_005,COSO 2013,Procure-to-Pay,P2P-005,Détection des commandes fractionnées,Revue mensuelle des commandes au même fournisseur sur 30 jours glissants,Fractionnement de commandes — Contournement de la matrice de délégation par fractionnement,Manual,Month,false,Existing,Audit Interne,Extraire les commandes par fournisseur. Identifier les patterns proches des seuils.,"[""F - Finance""]",false
lib_p2p_006,COSO 2013,Procure-to-Pay,P2P-006,Mise en concurrence obligatoire au-delà d'un seuil,Au-delà de 50k EUR trois devis sont obligatoires. Justification écrite si dérogation,Commande sans appel d'offres — Favoritisme ou conflit d'intérêt avec un fournisseur,Manual,Day,true,Existing,Direction Achats,Sélectionner 30 commandes >50k. Vérifier les 3 devis ou la dérogation.,"[""F - Finance""]",false
lib_p2p_007,COSO 2013,Procure-to-Pay,P2P-007,Déclaration annuelle de conflits d'intérêts,Tous les acheteurs signent une déclaration annuelle. Cross-check avec la base fournisseurs,Conflit d'intérêt acheteur — Avantage indu accordé à un fournisseur lié à l'acheteur,Manual,Year,true,Existing,RH,Vérifier 100% de signatures. Fuzzy match acheteurs vs dirigeants fournisseurs.,"[""F - Finance""]",false
lib_p2p_008,COSO 2013,Procure-to-Pay,P2P-008,Ségrégation des tâches réception et paiement,La personne qui réceptionne ne peut ni créer le fournisseur ni valider le paiement,Réception fictive — Détournement permettant un paiement sans contrepartie,IT-Dependent,Day,true,Existing,IT,Extraire la matrice SoD. Identifier les utilisateurs cumulant des droits incompatibles.,"[""F - Finance""]",false
lib_p2p_009,COSO 2013,Procure-to-Pay,P2P-009,Three-way match obligatoire,Le système bloque si la facture ne correspond pas au PO et au bon de réception,Quantité reçue erronée — Surévaluation des stocks et paiement excédentaire,IT-Dependent,Day,true,Existing,IT,Lister les factures payées sans 3WM. Justifier les overrides.,"[""F - Finance""]",false
lib_p2p_010,COSO 2013,Procure-to-Pay,P2P-010,Contrôle anti-doublon sur numéro de facture,L'ERP bloque toute saisie si numéro de facture déjà enregistré pour le fournisseur sur 24 mois,Facture en doublon — Erreur de saisie ou fraude avec scan multiple,IT-Dependent,Day,true,Existing,Comptabilité Fournisseurs,"Tester la création d'un doublon. Check sur (fournisseur,numéro,montant) sur 24 mois.","[""F - Finance""]",false
lib_p2p_011,COSO 2013,Procure-to-Pay,P2P-011,Procédure d'achat sans PO encadrée,Les factures sans PO (catégories autorisées) doivent être validées par manager + Finance,Facture sans commande — Achat non autorisé régularisé après coup,Manual,Day,false,Existing,Finance,Extraire les factures sans PO. Vérifier la catégorie et la double validation.,"[""F - Finance""]",false
lib_p2p_012,COSO 2013,Procure-to-Pay,P2P-012,Matrice de signatures bancaires multi-niveaux,1 sig jusqu'à 10k - 2 sig 10-100k - 2 sig dont dirigeant >100k,Paiement non autorisé — Détournement par contournement de la matrice de signature,Manual,Day,true,Existing,Trésorerie,Sélectionner 25 paiements de chaque tranche. Vérifier la conformité à la matrice.,"[""F - Finance""]",false
lib_p2p_013,COSO 2013,Procure-to-Pay,P2P-013,Cohérence IBAN paiement vs master,Le fichier de paiement est rapproché de la base fournisseurs avant transmission,Paiement vers compte non maître — Fraude au virement (CEO fraud),IT-Dependent,Day,true,Existing,Trésorerie,Tenter d'introduire un IBAN différent. Vérifier le blocage.,"[""F - Finance""]",false
lib_p2p_014,COSO 2013,Procure-to-Pay,P2P-014,Screening anti-blanchiment et sanctions,Tout paiement international screené contre OFAC/UE/ONU avant exécution,Paiement vers pays sensible — Violation des sanctions internationales,IT-Dependent,Day,true,Existing,Compliance,Tester avec un nom de la liste OFAC. Vérifier le screening.,"[""F - Finance""]",false
lib_p2p_015,COSO 2013,Procure-to-Pay,P2P-015,Lettrage et analyse mensuelle,Lettrage automatique mensuel + revue manuelle des écritures >60 jours,Compte fournisseur non lettré — Risque de dissimulation de fraude ou erreur,Manual,Month,false,Existing,Comptabilité Fournisseurs,Sélectionner 20 items >60j non lettrés. Demander justification et action.,"[""F - Finance""]",false
lib_otc_001,COSO 2013,Order-to-Cash,OTC-001,Validation par un tiers de la création de client,Toute création de client validée par une personne distincte du demandeur. KYC documenté,Client fictif ou non vérifié — Un commercial crée un client fictif pour gonfler ses chiffres ou détourner,Manual,Day,true,Existing,Crédit,Sélectionner 25 créations de clients. Vérifier validation indépendante et complétude KYC.,"[""F - Finance""]",false
lib_otc_002,COSO 2013,Order-to-Cash,OTC-002,Revue annuelle des limites de crédit,Revue annuelle de toutes les limites avec scoring crédit. Mise à jour ou retrait selon analyse,Limite de crédit non revue — Client en difficulté financière conserve une limite de crédit élevée,Manual,Year,true,Existing,Direction Crédit,Échantillonner 30 clients actifs. Vérifier date de dernière revue et cohérence avec score.,"[""F - Finance""]",false
lib_otc_003,COSO 2013,Order-to-Cash,OTC-003,Double validation des modifications RIB,Toute modification de RIB de remboursement nécessite double validation et trace,Modification non autorisée RIB client — Modification interne ou externe pour détourner un remboursement,Manual,Day,true,Existing,Comptabilité Clients,Sélectionner 15 modifications. Vérifier double validation et justification.,"[""F - Finance""]",false
lib_otc_004,COSO 2013,Order-to-Cash,OTC-004,Blocage automatique sur dépassement crédit,L'ERP bloque toute commande qui ferait dépasser la limite. Override Direction Crédit uniquement,Commande au-delà de la limite de crédit — Pression commerciale fait passer outre la limite de crédit,IT-Dependent,Day,true,Existing,Crédit,Tester un dépassement. Lister tous les overrides et vérifier les autorisations.,"[""F - Finance""]",false
lib_otc_005,COSO 2013,Order-to-Cash,OTC-005,Matrice de délégation des prix et remises,Toute remise au-delà du barème nécessite validation hiérarchique selon matrice,Prix ou remise non autorisé — Avantage indu accordé à un client par un commercial,Manual,Day,true,Existing,Direction Commerciale,Échantillonner 30 commandes avec remises. Vérifier la conformité à la matrice.,"[""F - Finance""]",false
lib_otc_006,COSO 2013,Order-to-Cash,OTC-006,Matching commande - livraison,L'ERP exige une commande validée avant édition du bon de livraison,Livraison sans commande — Vol ou cadeau non autorisé,IT-Dependent,Day,true,Existing,Logistique,Tenter une expédition sans commande. Vérifier le blocage.,"[""F - Finance""]",false
lib_otc_007,COSO 2013,Order-to-Cash,OTC-007,Procédure de cut-off documentée et testée,Procédure formelle de cut-off avec rapprochement physique fin de période,Cut-off de livraison — Comptabilisation décalée gonflant ou minorant le CA,Manual,Month,true,Existing,Logistique,Vérifier 10 dernières livraisons du mois et 10 premières du suivant. Conformité comptable.,"[""F - Finance""]",false
lib_otc_008,COSO 2013,Order-to-Cash,OTC-008,Rapprochement automatique livraisons / factures,Rapport quotidien des livraisons sans facture émise sous 48h. Suivi par Comptabilité,Facture non émise pour livraison — Perte de revenu ou erreur de facturation,IT-Dependent,Day,true,Existing,Comptabilité Clients,Extraire les livraisons sans facture sur la période. Documenter les raisons.,"[""F - Finance""]",false
lib_otc_009,COSO 2013,Order-to-Cash,OTC-009,Contrôle automatique cohérence prix et TVA,L'ERP applique le tarif catalogue et le taux TVA selon paramétrage. Modifications tracées,Facture inexacte (prix ou TVA) — Erreur de paramétrage ERP ou saisie manuelle,IT-Dependent,Day,true,Existing,Comptabilité,Tenter une saisie hors barème. Échantillonner 25 factures et vérifier les calculs.,"[""F - Finance""]",false
lib_otc_010,COSO 2013,Order-to-Cash,OTC-010,Politique de revenue recognition documentée,Politique IFRS 15 / ASC 606 documentée. Validation Comptable pour cas complexes,Reconnaissance prématurée du revenu — Pression sur le résultat fait avancer la reconnaissance,Manual,Day,true,Existing,Comptabilité,Échantillonner 20 contrats complexes. Vérifier cohérence avec la politique.,"[""F - Finance""]",false
lib_otc_011,COSO 2013,Order-to-Cash,OTC-011,Lettrage automatique avec contrôle des écarts,Lettrage automatique sur référence facture. Revue manuelle des écarts,Encaissement mal alloué — Erreur de saisie ou détournement par lettrage frauduleux,IT-Dependent,Day,true,Existing,Comptabilité Clients,Extraire les encaissements non lettrés. Échantillonner et investiguer.,"[""F - Finance""]",false
lib_otc_012,COSO 2013,Order-to-Cash,OTC-012,Validation indépendante des avoirs,Tout avoir au-delà d'un seuil validé par un manager indépendant du commercial,Avoir non justifié — Détournement par avoir frauduleux à un complice,Manual,Day,true,Existing,Direction Commerciale,"Sélectionner 25 avoirs. Vérifier la validation et la justification (retour, litige).","[""F - Finance""]",false
lib_otc_013,COSO 2013,Order-to-Cash,OTC-013,Provisionnement systématique selon balance âgée,Provision auto selon antériorité. Revue trimestrielle au cas par cas,Créances anciennes non provisionnées — Surévaluation des créances clients au bilan,Manual,Quarter,true,Existing,Comptabilité,Recalculer la provision sur la balance âgée. Vérifier les cas spécifiques.,"[""F - Finance""]",false
lib_otc_014,COSO 2013,Order-to-Cash,OTC-014,Matrice de validation des passages en perte,Toute écriture de perte sur créance validée selon matrice montant. >100k = Direction,Passage en perte sans validation — Dissimulation d'un détournement par passage en perte,Manual,Day,true,Existing,DAF,Lister tous les passages en perte. Vérifier les autorisations selon montants.,"[""F - Finance""]",false
lib_otc_015,COSO 2013,Order-to-Cash,OTC-015,Rapprochement mensuel sous-grand-livre / GL,Rapprochement formalisé chaque mois. Validation par responsable comptable,Sous-grand-livre clients non rapproché — Erreur ou manipulation comptable non détectée,Manual,Month,true,Existing,Comptabilité Clients,Sélectionner 3 mois. Vérifier le rapprochement et la résolution des écarts.,"[""F - Finance""]",false
lib_rtr_001,COSO 2013,Record-to-Report,RTR-001,Workflow d'approbation des écritures manuelles,Toute écriture manuelle saisie par un préparateur et validée par un réviseur indépendant,Écriture manuelle non autorisée — Manipulation des comptes par écriture non revue,Manual,Day,true,Existing,Comptabilité,Échantillonner 30 écritures manuelles. Vérifier préparateur ≠ réviseur et validation.,"[""F - Finance""]",false
lib_rtr_002,COSO 2013,Record-to-Report,RTR-002,Verrouillage automatique des périodes,L'ERP bloque toute saisie sur période fermée. Réouverture nécessite approbation DAF,Écriture passée hors période d'ouverture — Modification rétroactive des comptes,IT-Dependent,Day,true,Existing,IT,Tester une saisie sur période fermée. Lister les réouvertures et leurs motifs.,"[""F - Finance""]",false
lib_rtr_003,COSO 2013,Record-to-Report,RTR-003,Ségrégation des tâches sur les écritures,Matrice SoD ERP : préparation et validation des écritures séparées par profil,Écriture passée par utilisateur incompatible — Préparation et validation par la même personne,IT-Dependent,Day,true,Existing,IT,Extraire la matrice SoD. Identifier les conflits sur les écritures.,"[""F - Finance""]",false
lib_rtr_004,COSO 2013,Record-to-Report,RTR-004,Rapprochement mensuel des comptes de bilan,Tous les comptes de bilan rapprochés mensuellement. Validation hiérarchique,Compte de bilan non rapproché — Erreur ou manipulation non détectée,Manual,Month,true,Existing,Comptabilité,Échantillonner 15 comptes. Vérifier le rapprochement et la résolution des items en suspens.,"[""F - Finance""]",false
lib_rtr_005,COSO 2013,Record-to-Report,RTR-005,Aging et escalade des items en suspens,Items >90j escaladés au DAF mensuellement avec plan de résolution,Items en suspens non résolus — Dissimulation d'erreurs ou de fraudes,Manual,Month,false,Existing,Comptabilité,Extraire la liste des items en suspens >90j. Vérifier le suivi.,"[""F - Finance""]",false
lib_rtr_006,COSO 2013,Record-to-Report,RTR-006,Rapprochement intercompagnie mensuel,Rapprochement formalisé entre toutes les entités. Écarts >seuil investigués,Écart d'élimination intercompagnie — Double comptage ou perte de revenu non éliminé,Manual,Month,true,Existing,Comptabilité Groupe,Extraire les écarts IC sur la période. Vérifier la résolution.,"[""F - Finance""]",false
lib_rtr_007,COSO 2013,Record-to-Report,RTR-007,Calendrier de clôture détaillé et suivi,Calendrier J+ détaillé par étape. Réunion quotidienne pendant le closing,Délai de clôture non respecté — Qualité dégradée ou information non fiable,Manual,Month,false,Existing,Comptabilité,Vérifier le respect du calendrier sur 3 clôtures. Lister les retards et causes.,"[""F - Finance""]",false
lib_rtr_008,COSO 2013,Record-to-Report,RTR-008,Dossier de provision avec justificatif,"Toute provision >seuil documentée avec hypothèses, calcul et validation DAF",Provision non documentée — Lissage du résultat (cookie jar accounting),Manual,Month,true,Existing,DAF,Échantillonner 15 provisions. Vérifier la documentation et la validation.,"[""F - Finance""]",false
lib_rtr_009,COSO 2013,Record-to-Report,RTR-009,Revue indépendante des hypothèses,Hypothèses des estimations significatives revues par DAF et auditeurs externes,Estimations comptables biaisées — Manipulation du résultat par hypothèses,Manual,Quarter,true,Existing,DAF,Vérifier la cohérence des hypothèses dans le temps. Comparer aux benchmarks sectoriels.,"[""F - Finance""]",false
lib_rtr_010,COSO 2013,Record-to-Report,RTR-010,Paramétrage centralisé des taux de change,Taux centralisés mensuellement. Application automatique selon norme (clôture / moyen),Erreur de conversion de devises — Distorsion des comptes consolidés,IT-Dependent,Month,true,Existing,Comptabilité Groupe,Recalculer la conversion sur 5 entités. Vérifier le taux appliqué selon le compte.,"[""F - Finance""]",false
lib_rtr_011,COSO 2013,Record-to-Report,RTR-011,Revue trimestrielle du périmètre,"Revue avec Juridique des participations + déclencheurs (acquisition, perte de contrôle)",Périmètre de consolidation incomplet — Sous-évaluation du groupe,Manual,Quarter,true,Existing,Comptabilité Groupe,Comparer la matrice du périmètre avec les participations Juridique. Vérifier les mouvements.,"[""F - Finance""]",false
lib_rtr_012,COSO 2013,Record-to-Report,RTR-012,Revue multi-niveaux du reporting externe,Comptes annuels et communication revus par DAF + Direction Générale + CAC + Comité d'Audit,Erreur dans le reporting financier externe — Préjudice réputationnel et risque de sanction,Manual,Year,true,Existing,DAF,Vérifier la trace de revue à chaque niveau. Recalculer 10 chiffres clés.,"[""F - Finance""]",false
lib_rtr_013,COSO 2013,Record-to-Report,RTR-013,Validation des liasses fiscales par expert,Toute liasse revue par fiscaliste interne ou cabinet externe avant dépôt,Charge d'impôt mal calculée — Risque fiscal et redressement,Manual,Year,true,Existing,Fiscalité,Vérifier la trace de revue. Échantillonner 5 retraitements et recalculer.,"[""F - Finance""]",false
lib_rtr_014,COSO 2013,Record-to-Report,RTR-014,Revue trimestrielle des accès comptables,Revue par Comptabilité + IT des profils ayant accès aux écritures et au paramétrage,Accès trop large au grand livre — Risque d'écriture frauduleuse ou erreur,Manual,Quarter,true,Existing,Comptabilité,Extraire les utilisateurs avec droits sensibles. Vérifier la justification métier.,"[""F - Finance""]",false
lib_hr_001,COSO 2013,Human Resources,HR-001,Validation préalable des ouvertures de poste,Toute ouverture validée selon matrice (manager + RH + Finance). Headcount tracé,Recrutement non autorisé — Coût RH non maîtrisé,Manual,Day,true,Existing,RH,Sélectionner 20 embauches. Vérifier la trace d'ouverture validée préalable.,"[""G - HR""]",false
lib_hr_002,COSO 2013,Human Resources,HR-002,Background check systématique,Vérification références + diplômes + casier (selon poste) avant signature du contrat,Vérification d'antécédents non effectuée — Risque réputationnel et fraude,Manual,Day,true,Existing,RH,Échantillonner 25 dossiers d'embauche. Vérifier la complétude des background checks.,"[""G - HR""]",false
lib_hr_003,COSO 2013,Human Resources,HR-003,Liens RH-IT pour création des accès,Création des accès SI déclenchée par signature du contrat dans SIRH (workflow auto),Accès donné avant signature — Risque juridique et sécuritaire,IT-Dependent,Day,true,Existing,RH,Tester un cas. Échantillonner 20 onboardings et vérifier les dates contrat / accès.,"[""G - HR""]",false
lib_hr_004,COSO 2013,Human Resources,HR-004,DPAE systématique avant prise de poste,DPAE émise au moins 24h avant prise de poste. Trace conservée,Salarié non déclaré — Sanction URSSAF + risque pénal,Manual,Day,true,Existing,RH,Échantillonner 25 embauches. Vérifier la DPAE et l'antériorité vs prise de poste.,"[""G - HR""]",false
lib_hr_005,COSO 2013,Human Resources,HR-005,Workflow de modification avec double validation,Modifications de salaire / titre / centre de coût validées par manager + RH,Modification non autorisée du salaire ou poste — Fraude ou erreur de paie,Manual,Day,true,Existing,RH,Échantillonner 20 modifications. Vérifier la double validation.,"[""G - HR""]",false
lib_hr_006,COSO 2013,Human Resources,HR-006,Validation hiérarchique des feuilles de temps,Toutes les feuilles de temps validées par le manager avant traitement paie,Pointage frauduleux — Surcoût payé indûment,Manual,Month,true,Existing,Manager,Échantillonner 30 feuilles. Vérifier la trace de validation manager.,"[""G - HR""]",false
lib_hr_007,COSO 2013,Human Resources,HR-007,Politique bonus formalisée et tracée,Politique bonus écrite. Évaluation et calcul tracés et validés,Bonus calculé sans support — Subjectivité ou favoritisme,Manual,Year,true,Existing,RH,Échantillonner 20 bonus. Vérifier la cohérence avec la politique.,"[""G - HR""]",false
lib_hr_008,COSO 2013,Human Resources,HR-008,Analyse annuelle des écarts de rémunération,Calcul Index Egapro + analyse des écarts par catégorie. Plan d'action si écart,Inégalités de rémunération non détectées — Risque juridique (Index Egapro),Manual,Year,true,Existing,RH,Recalculer l'Index sur les données paie. Vérifier la cohérence avec le déclaré.,"[""G - HR""]",false
lib_hr_009,COSO 2013,Human Resources,HR-009,Double contrôle des soldes de tout compte,Solde calculé par paie et revu par RH. Validation salarié obtenue,Solde de tout compte erroné — Risque prud'homal et coût,Manual,Day,true,Existing,Paie,Échantillonner 15 départs. Recalculer et vérifier la trace de revue.,"[""G - HR""]",false
lib_hr_010,COSO 2013,Human Resources,HR-010,Désactivation automatique des accès au départ,Workflow RH-IT déclenche révocation automatique le jour J du départ,Accès maintenus après départ — Risque sécuritaire et fuite de données,IT-Dependent,Day,true,Existing,RH,Lister 25 départs sur la période. Vérifier la date de désactivation des accès.,"[""G - HR""]",false
lib_hr_011,COSO 2013,Human Resources,HR-011,Suivi des formations obligatoires par SIRH,SIRH suit échéances. Relances auto + escalade manager si retard,Formations obligatoires non suivies — Risque accident + sanction,IT-Dependent,Day,false,Existing,RH,Extraire les formations obligatoires en retard. Vérifier les actions.,"[""G - HR""]",false
lib_hr_012,COSO 2013,Human Resources,HR-012,Revue annuelle des accès aux données RH,Revue par RH + DPO des profils ayant accès au SIRH. Principe du moindre privilège,Données RH accessibles sans besoin métier — Violation RGPD,Manual,Year,true,Existing,RH,Extraire les utilisateurs SIRH. Vérifier la justification métier de chaque accès.,"[""G - HR""]",false
lib_pay_001,COSO 2013,Payroll,PAY-001,Rapprochement effectifs paie vs SIRH,Rapprochement mensuel des salariés payés vs effectifs SIRH actifs. Écarts justifiés,Salarié fictif sur la paie — Détournement de salaire,IT-Dependent,Month,true,Existing,Paie,Recalculer l'écart sur 3 mois. Investiguer les écarts non résolus.,"[""G - HR"",""F - Finance""]",false
lib_pay_002,COSO 2013,Payroll,PAY-002,Workflow de modification + journal d'audit,Toute modification dans le SIRH/Paie tracée et validée selon matrice,Modification non autorisée des données paie — Fraude ou erreur de paie,Manual,Day,true,Existing,Paie,Sélectionner 25 modifications. Vérifier la validation et le journal.,"[""G - HR"",""F - Finance""]",false
lib_pay_003,COSO 2013,Payroll,PAY-003,Double validation des changements de RIB,Changement RIB validé par salarié (auth) + Paie. Délai de carence avant prise en compte,Modification RIB salarié frauduleuse — Fraude au virement (interne ou externe),Manual,Day,true,Existing,Paie,Sélectionner 15 changements RIB. Vérifier double validation et délai.,"[""G - HR"",""F - Finance""]",false
lib_pay_004,COSO 2013,Payroll,PAY-004,Tests de paramétrage à chaque évolution,Tout paramétrage testé avant mise en production. Validation Paie + Comptabilité,Erreur de calcul de paie — Préjudice salarié + risque URSSAF,Manual,Day,true,Existing,Paie,Vérifier la trace de tests pour 5 évolutions. Recalculer 10 paies.,"[""G - HR"",""F - Finance""]",false
lib_pay_005,COSO 2013,Payroll,PAY-005,Validation manager des heures supplémentaires,Toute heure sup validée par manager + alerte si dépassement contingent annuel,Heures supplémentaires non contrôlées — Surcoût et risque de fraude,Manual,Month,true,Existing,Manager,Échantillonner 25 heures sup. Vérifier validation et respect du contingent.,"[""G - HR"",""F - Finance""]",false
lib_pay_006,COSO 2013,Payroll,PAY-006,Justificatif obligatoire pour primes exceptionnelles,Toute prime exceptionnelle nécessite ordre signé manager + RH,Primes ou bonus non justifiés — Subjectivité ou détournement,Manual,Day,true,Existing,RH,Échantillonner 20 primes. Vérifier la signature et la cohérence.,"[""G - HR"",""F - Finance""]",false
lib_pay_007,COSO 2013,Payroll,PAY-007,Veille sociale et mise à jour des paramètres,Veille mensuelle des taux. Mise à jour paramétrage trimestrielle a minima,Cotisations sociales mal calculées — Redressement URSSAF,Manual,Quarter,true,Existing,Paie,Vérifier les taux appliqués vs taux officiels sur 3 mois.,"[""G - HR"",""F - Finance""]",false
lib_pay_008,COSO 2013,Payroll,PAY-008,Validation hiérarchique du bordereau de paie,Bordereau revu par RH + Comptabilité avant transmission banque. Variations vs N-1 expliquées,Paie validée sans contrôle — Erreur ou fraude non détectée,Manual,Month,true,Existing,RH,Échantillonner 3 mois. Vérifier la trace de revue et l'analyse des variations.,"[""G - HR"",""F - Finance""]",false
lib_pay_009,COSO 2013,Payroll,PAY-009,Cohérence IBAN paiement vs SIRH,Le fichier de virements rapproché du SIRH avant transmission. Écart bloque,Paiement vers compte autre que salarié — Fraude au virement,IT-Dependent,Month,true,Existing,Paie,Tester l'introduction d'un IBAN non SIRH. Vérifier le blocage.,"[""G - HR"",""F - Finance""]",false
lib_pay_010,COSO 2013,Payroll,PAY-010,Contrôles automatiques avant envoi DSN,Contrôles bloquants paramétrés. Validation Paie + envoi automatique selon calendrier,DSN incorrecte ou en retard — Sanction administrative,IT-Dependent,Month,true,Existing,Paie,Vérifier la transmission et les contrôles bloqués sur 3 DSN.,"[""G - HR"",""F - Finance""]",false
lib_pay_011,COSO 2013,Payroll,PAY-011,Rapprochement mensuel paie vs GL,Rapprochement formalisé entre la masse salariale paie et le GL chaque mois,Compte de paie non rapproché — Erreur ou détournement non détecté,Manual,Month,true,Existing,Comptabilité,Sélectionner 3 mois. Vérifier la cohérence et la résolution des écarts.,"[""G - HR"",""F - Finance""]",false
lib_pay_012,COSO 2013,Payroll,PAY-012,Revue trimestrielle des accès paie,Revue Paie + IT des profils ayant accès au calcul / paramétrage / virements,Accès trop large au système de paie — Risque de manipulation,Manual,Quarter,true,Existing,Paie,Extraire les utilisateurs avec droits sensibles. Justifier chaque accès.,"[""G - HR"",""F - Finance""]",false
lib_pay_013,COSO 2013,Payroll,PAY-013,Contrôles de conformité paramétrés,"Alertes auto sur paie inférieure SMIC, dépassement durée, congés non pris","Non-respect des seuils légaux (SMIC, congés) — Risque prud'homal et URSSAF",IT-Dependent,Month,false,Existing,Paie,Vérifier les alertes émises sur 3 mois et leur traitement.,"[""G - HR"",""F - Finance""]",false
lib_tre_001,COSO 2013,Treasury,TRE-001,Centralisation des ouvertures de compte,Toute ouverture validée par DAF + Direction Générale. Liste exhaustive maintenue,Compte bancaire non autorisé — Risque de comptes off-the-books,Manual,Day,true,Existing,DAF,Comparer la liste interne avec les confirmations bancaires annuelles. Investiguer les écarts.,"[""F - Finance""]",false
lib_tre_002,COSO 2013,Treasury,TRE-002,Revue trimestrielle des pouvoirs bancaires,Revue trimestrielle de la matrice des pouvoirs vs effectifs. Mise à jour banque,Pouvoirs bancaires obsolètes — Risque de fraude,Manual,Quarter,true,Existing,Trésorerie,Comparer la matrice avec les RH (mouvements). Vérifier les courriers banque.,"[""F - Finance""]",false
lib_tre_003,COSO 2013,Treasury,TRE-003,Forecast hebdomadaire avec analyse d'écarts,Forecast 13 semaines glissant. Analyse hebdo des écarts vs réel,Prévision de trésorerie inexacte — Coût d'intérêt + risque liquidité,Manual,Week,false,Existing,Trésorerie,Comparer forecasts et réalisé sur 8 semaines. Investiguer les écarts >10%.,"[""F - Finance""]",false
lib_tre_004,COSO 2013,Treasury,TRE-004,Politique de placement formalisée et appliquée,Politique définit instruments / contreparties / durées autorisés. Tout placement validé,Placement non conforme à la politique — Risque financier,Manual,Day,true,Existing,Trésorerie,Échantillonner 20 placements. Vérifier la conformité à la politique.,"[""F - Finance""]",false
lib_tre_005,COSO 2013,Treasury,TRE-005,Limites par contrepartie et reporting,Limites par contrepartie. Reporting mensuel d'exposition. Alertes auto,Concentration excessive sur une contrepartie — Risque de contrepartie,IT-Dependent,Month,true,Existing,Trésorerie,Recalculer l'exposition par contrepartie. Vérifier le respect des limites.,"[""F - Finance""]",false
lib_tre_006,COSO 2013,Treasury,TRE-006,Workflow de validation multi-niveaux,Tout paiement validé selon matrice de signatures avant transmission banque,Paiement non autorisé — Détournement,Manual,Day,true,Existing,Trésorerie,Sélectionner 25 paiements. Vérifier les signatures vs matrice.,"[""F - Finance""]",false
lib_tre_007,COSO 2013,Treasury,TRE-007,Hash et signature du fichier de paiement,Le fichier signé électroniquement. Hash vérifié à la transmission,Manipulation du fichier de paiement — Détournement par injection de virements,IT-Dependent,Day,true,Existing,Trésorerie,Tenter une modification entre validation et transmission. Vérifier la détection.,"[""F - Finance""]",false
lib_tre_008,COSO 2013,Treasury,TRE-008,Mesure et couverture des positions FX,Position calculée quotidiennement. Couverture systématique au-delà du seuil,Position de change non couverte — Perte de change,Manual,Day,true,Existing,Trésorerie,Recalculer la position. Vérifier les couvertures et leur conformité.,"[""F - Finance""]",false
lib_tre_009,COSO 2013,Treasury,TRE-009,Suivi mensuel des covenants,Ratios calculés mensuellement. Reporting et alertes en cas de tension,Covenants non respectés — Exigibilité anticipée,Manual,Month,true,Existing,Trésorerie,Recalculer les ratios sur 3 mois. Vérifier la communication banque.,"[""F - Finance""]",false
lib_tre_010,COSO 2013,Treasury,TRE-010,Rapprochement bancaire mensuel,Tous les comptes rapprochés mensuellement. Items >30j investigués,Compte bancaire non rapproché — Erreur ou fraude non détectée,Manual,Month,true,Existing,Comptabilité,Échantillonner 10 comptes. Vérifier le rapprochement et les items en suspens.,"[""F - Finance""]",false
lib_tre_011,COSO 2013,Treasury,TRE-011,Investigation des encaissements non identifiés,Tout encaissement non identifié sous 5 jours fait l'objet d'une investigation,Encaissement non identifié — Risque de blanchiment ou fraude,Manual,Week,false,Existing,Trésorerie,Lister les encaissements non identifiés sur la période. Vérifier le délai de résolution.,"[""F - Finance""]",false
lib_tre_012,COSO 2013,Treasury,TRE-012,Procédure anti-FOVI avec callback,Tout virement urgent / inhabituel exige callback sur numéro vérifié + double validation,Fraude au président / faux ordre de virement — Détournement de fonds,Manual,Day,true,Existing,Trésorerie,Tester avec un cas simulé. Échantillonner 10 virements urgents et vérifier le callback.,"[""F - Finance""]",false
lib_tre_013,COSO 2013,Treasury,TRE-013,Revue trimestrielle des accès TMS,Revue des profils par Trésorerie + IT. Principe du moindre privilège,Accès large à l'outil de trésorerie — Risque de fraude,Manual,Quarter,true,Existing,Trésorerie,Extraire les utilisateurs TMS. Vérifier la justification métier.,"[""F - Finance""]",false
lib_fa_001,COSO 2013,Fixed Assets,FA-001,Capex authorization workflow,Tout investissement validé selon matrice (montant + nature). Capex plan annuel,Acquisition non autorisée — Allocation de capital non maîtrisée,Manual,Day,true,Existing,DAF,Échantillonner 20 capex. Vérifier la validation et la cohérence avec le plan.,"[""F - Finance""]",false
lib_fa_002,COSO 2013,Fixed Assets,FA-002,Critères de capitalisation documentés,Politique définit les seuils et critères. Cas limites validés Comptabilité,Capitalisation incorrecte — Distorsion du résultat et du bilan,Manual,Day,true,Existing,Comptabilité,Échantillonner 20 capex et 20 charges proches du seuil. Vérifier le traitement.,"[""F - Finance""]",false
lib_fa_003,COSO 2013,Fixed Assets,FA-003,Réception physique avant capitalisation,Capitalisation sur réception physique tracée. Photo + bon de réception,Immobilisation fictive — Détournement ou erreur,Manual,Day,true,Existing,Comptabilité,Échantillonner 25 capitalisations. Vérifier l'existence physique.,"[""F - Finance""]",false
lib_fa_004,COSO 2013,Fixed Assets,FA-004,Politique d'amortissement par catégorie,Durées définies par catégorie d'immo. Revue annuelle de la durée d'utilité,Durée d'amortissement inappropriée — Distorsion du résultat,Manual,Year,true,Existing,Comptabilité,Échantillonner 25 immos. Vérifier la durée appliquée vs politique.,"[""F - Finance""]",false
lib_fa_005,COSO 2013,Fixed Assets,FA-005,Calcul automatique avec contrôles,Calcul automatisé dans le module FA. Rapprochement mensuel charge / paramètres,Calcul d'amortissement erroné — Distorsion comptable,IT-Dependent,Month,true,Existing,Comptabilité,Recalculer l'amortissement de 20 immos. Comparer au calcul système.,"[""F - Finance""]",false
lib_fa_006,COSO 2013,Fixed Assets,FA-006,Revue annuelle des indicateurs d'impairment,"Revue formalisée des indicateurs (perte, non-utilisation, obsolescence) avec test si signal",Indicateur d'impairment ignoré — Surévaluation des actifs,Manual,Year,true,Existing,Comptabilité,Vérifier la trace de revue. Échantillonner 5 actifs avec signal et tests.,"[""F - Finance""]",false
lib_fa_007,COSO 2013,Fixed Assets,FA-007,Workflow de cession et matrice,Toute cession validée selon matrice. Prix justifié (devis externes pour cessions importantes),Cession non autorisée — Vente sous-évaluée ou détournement,Manual,Day,true,Existing,DAF,Échantillonner 15 cessions. Vérifier la validation et le prix.,"[""F - Finance""]",false
lib_fa_008,COSO 2013,Fixed Assets,FA-008,Rapprochement annuel inventaire physique,Inventaire physique annuel rapproché avec la liste compta. Écarts investigués,Sortie comptable non effectuée — Surévaluation des actifs,Manual,Year,true,Existing,Comptabilité,Vérifier le PV et le rapprochement. Échantillonner 30 actifs et tester l'existence.,"[""F - Finance""]",false
lib_fa_009,COSO 2013,Fixed Assets,FA-009,Tagging et inventaire physique tournant,Tous les actifs >seuil tagués. Inventaire tournant trimestriel par site,Vol ou perte d'actif non détecté — Perte économique non comptabilisée,Manual,Quarter,false,Existing,Opérations,Vérifier la couverture du tagging. Tester 20 actifs choisis aléatoirement.,"[""F - Finance""]",false
lib_fa_010,COSO 2013,Fixed Assets,FA-010,Revue mensuelle du CWIP,Revue mensuelle des projets en CWIP. Mise en service tracée et déclenche le transfert,Construction en cours non transférée — Retard d'amortissement,Manual,Month,true,Existing,Comptabilité,Échantillonner 10 projets. Vérifier la cohérence des dates de mise en service.,"[""F - Finance""]",false
lib_fa_011,COSO 2013,Fixed Assets,FA-011,Rapprochement mensuel module FA / GL,Rapprochement formalisé mensuel. Items en suspens investigués,Module FA non rapproché avec GL — Erreur ou manipulation non détectée,Manual,Month,true,Existing,Comptabilité,Sélectionner 3 mois. Vérifier le rapprochement.,"[""F - Finance""]",false
lib_ita_001,COBIT 2019,IT - Access Management,ITA-001,Workflow de provisioning avec validation manager,Toute création de compte déclenchée par RH ou demande validée par manager + IT,Création d'accès non autorisée — Accès non maîtrisé aux systèmes,Manual,Day,true,Existing,IT,Échantillonner 25 créations. Vérifier la trace de validation.,"[""I - IT""]",false
lib_ita_002,COBIT 2019,IT - Access Management,ITA-002,Catalogue de rôles avec validation métier,Rôles définis avec owner métier. Attribution selon catalogue. Exceptions justifiées,Profil de droits trop large — Risque de fraude / fuite,Manual,Day,true,Existing,IT,Échantillonner 20 attributions. Vérifier la cohérence avec le rôle catalogue.,"[""I - IT""]",false
lib_ita_003,COBIT 2019,IT - Access Management,ITA-003,PAM (Privileged Access Management),Comptes privilégiés gérés par solution PAM. Sessions enregistrées + check-in/check-out,Compte privilégié non maîtrisé — Risque majeur de compromission,IT-Dependent,Day,true,Existing,IT Sécurité,Lister les comptes privilégiés. Vérifier qu'ils passent par le PAM.,"[""I - IT""]",false
lib_ita_004,COBIT 2019,IT - Access Management,ITA-004,MFA obligatoire sur comptes sensibles,MFA forcé sur admin / VPN / cloud / accès distants. Surveillance de la couverture,MFA non activé sur les comptes sensibles — Compromission par mot de passe seul,IT-Dependent,Day,true,Existing,IT Sécurité,Vérifier la couverture MFA. Tenter une connexion sans MFA sur un compte cible.,"[""I - IT""]",false
lib_ita_005,COBIT 2019,IT - Access Management,ITA-005,Politique de mot de passe technique,Longueur min 12 + complexité + historique + verrouillage. Imposée techniquement,Politique de mot de passe insuffisante — Compromission par brute-force,IT-Dependent,Day,true,Existing,IT Sécurité,Extraire la politique appliquée. Vérifier conformité avec le standard ANSSI.,"[""I - IT""]",false
lib_ita_006,COBIT 2019,IT - Access Management,ITA-006,Désactivation automatique des comptes inactifs,Comptes >90j sans connexion désactivés automatiquement. Exceptions tracées,Comptes inactifs non désactivés — Compromission silencieuse,IT-Dependent,Day,true,Existing,IT,Lister les comptes inactifs >90j encore actifs. Vérifier les exceptions.,"[""I - IT""]",false
lib_ita_007,COBIT 2019,IT - Access Management,ITA-007,Workflow RH-IT pour la révocation,Désactivation déclenchée le jour J du départ par workflow RH-IT. SLA de 24h,Accès maintenus après départ — Risque de fuite ou sabotage,IT-Dependent,Day,true,Existing,RH,Lister les départs sur la période. Vérifier le délai de désactivation.,"[""I - IT""]",false
lib_ita_008,COBIT 2019,IT - Access Management,ITA-008,Réinitialisation des droits à chaque mobilité,Mobilité interne déclenche revue + réinitialisation des droits selon nouveau rôle,Accès non mis à jour après mobilité — Cumul de droits non justifié,Manual,Day,true,Existing,RH,Échantillonner 15 mobilités. Vérifier la revue des droits.,"[""I - IT""]",false
lib_ita_009,COBIT 2019,IT - Access Management,ITA-009,Revue trimestrielle des accès par owner,Owner métier valide chaque trimestre les accès de son périmètre. Désactivation auto si pas de validation,Pas de revue périodique des accès — Privilege creep généralisé,Manual,Quarter,true,Existing,Owners métier,Vérifier le taux de complétion. Échantillonner 20 utilisateurs et tester la revue.,"[""I - IT""]",false
lib_ita_010,COBIT 2019,IT - Access Management,ITA-010,Matrice SoD et contrôles continus,Matrice SoD définie. Contrôle continu des conflits. Remediation des cas existants,Conflit de ségrégation des tâches — Risque de fraude,IT-Dependent,Day,true,Existing,IT,Extraire la matrice. Identifier les conflits et leur traitement.,"[""I - IT""]",false
lib_ita_011,COBIT 2019,IT - Access Management,ITA-011,Désactivation ou changement des comptes par défaut,Tous les comptes par défaut désactivés ou mots de passe changés. Vérification au déploiement,Comptes par défaut ou techniques mal protégés — Voie d'attaque connue,Manual,Day,true,Existing,IT Sécurité,Tester sur un échantillon de systèmes les comptes par défaut.,"[""I - IT""]",false
lib_ita_012,COBIT 2019,IT - Access Management,ITA-012,Journalisation centralisée des accès,Logs d'authentification et d'actions sensibles centralisés (SIEM). Rétention 12 mois,Activité d'accès non journalisée — Impossibilité d'investigation,IT-Dependent,Day,true,Existing,IT Sécurité,Vérifier la complétude des logs collectés. Tester la rétention.,"[""I - IT""]",false
lib_ita_013,COBIT 2019,IT - Access Management,ITA-013,Inventaire et coffre-fort des comptes de service,Inventaire à jour. Mots de passe stockés dans coffre-fort. Rotation régulière,Comptes de service non contrôlés — Risque de compromission,Manual,Quarter,true,Existing,IT Sécurité,Échantillonner 15 services. Vérifier la présence dans l'inventaire et le coffre.,"[""I - IT""]",false
lib_ita_014,COBIT 2019,IT - Access Management,ITA-014,Sécurisation des accès distants,VPN avec MFA + posture des postes vérifiée. Logs et alertes anomalies,Accès distant non sécurisé — Voie d'intrusion,IT-Dependent,Day,true,Existing,IT Sécurité,Tester un accès sans MFA ou avec poste non conforme. Vérifier le blocage.,"[""I - IT""]",false
lib_itd_001,ISO 27001,IT - Data,ITD-001,Politique et schéma de classification des données,Politique définissant les niveaux (Public / Interne / Confidentiel / Secret) avec règles associées,Données non classifiées — Sur ou sous-protection des données,Manual,Day,true,Existing,DPO,Vérifier la couverture sur les principaux jeux de données. Échantillonner 10 datasets.,"[""I - IT""]",false
lib_itd_002,ISO 27001,IT - Data,ITD-002,Cartographie des traitements (registre RGPD),Registre des traitements à jour. Revue annuelle. Lien avec systèmes hébergeant les données,Inventaire des données absent ou obsolète — Risque RGPD et fuite non détectée,Manual,Year,true,Existing,DPO,Vérifier la complétude vs systèmes connus. Échantillonner 5 traitements.,"[""I - IT""]",false
lib_itd_003,ISO 27001,IT - Data,ITD-003,Chiffrement obligatoire pour données sensibles,Données classifiées >Confidentiel chiffrées au repos (DB / fichiers / sauvegardes),Données sensibles non chiffrées au repos — Fuite en cas de compromission,IT-Dependent,Day,true,Existing,IT Sécurité,Tester sur un échantillon. Vérifier les configurations de chiffrement.,"[""I - IT""]",false
lib_itd_004,ISO 27001,IT - Data,ITD-004,Chiffrement TLS obligatoire pour les échanges,TLS 1.2+ obligatoire pour toute connexion. Configuration vérifiée et auditée,Transmission de données en clair — Interception possible,IT-Dependent,Day,true,Existing,IT Sécurité,Tester avec un outil (SSL Labs). Vérifier les versions TLS acceptées.,"[""I - IT""]",false
lib_itd_005,ISO 27001,IT - Data,ITD-005,Politique de sauvegarde 3-2-1 et tests,Sauvegardes selon règle 3-2-1. Tests de restauration mensuels documentés,Sauvegardes incomplètes ou indisponibles — Perte de données en cas d'incident,Manual,Month,true,Existing,IT Infra,Vérifier les PV de restauration sur 3 mois. Tester une restauration en direct.,"[""I - IT""]",false
lib_itd_006,ISO 27001,IT - Data,ITD-006,Sauvegardes immutables ou hors-ligne,Au moins une copie immutable (WORM) ou air-gapped. Test de récupération depuis cette copie,Sauvegardes non protégées contre le ransomware — Sauvegardes chiffrées par l'attaquant,IT-Dependent,Day,true,Existing,IT Infra,Vérifier l'isolation. Tester une attaque simulée sur les sauvegardes.,"[""I - IT""]",false
lib_itd_007,ISO 27001,IT - Data,ITD-007,DLP sur les canaux de fuite (email / cloud / USB),DLP déployé sur email + cloud + USB. Politiques basées sur la classification,Fuite de données par les utilisateurs — Sanction RGPD + fuite,IT-Dependent,Day,true,Existing,IT Sécurité,Vérifier la couverture. Tester l'envoi d'un échantillon de données classifiées.,"[""I - IT""]",false
lib_itd_008,ISO 27001,IT - Data,ITD-008,Audit logging sur les accès aux données sensibles,Logs des accès et exports tracés. Centralisation SIEM. Alertes sur volumes anormaux,Accès aux données non tracé — Impossibilité d'investiguer une fuite,IT-Dependent,Day,true,Existing,IT Sécurité,Vérifier la couverture du logging. Tester une alerte sur volume anormal.,"[""I - IT""]",false
lib_itd_009,ISO 27001,IT - Data,ITD-009,Politique de rétention et purges automatiques,Politique définit les durées par type de donnée. Purges automatiques paramétrées,Données conservées au-delà du délai légal — Sanction RGPD,IT-Dependent,Day,true,Existing,DPO,Vérifier la politique vs RGPD. Tester l'effectivité des purges.,"[""I - IT""]",false
lib_itd_010,ISO 27001,IT - Data,ITD-010,Procédure et outil de traitement des demandes,Procédure documentée. Outil de suivi avec SLA légal (1 mois max). Reporting trimestriel,Demandes RGPD non traitées dans les délais — Sanction CNIL,Manual,Day,true,Existing,DPO,Échantillonner 10 demandes. Vérifier le respect du délai et la complétude.,"[""I - IT""]",false
lib_itd_011,ISO 27001,IT - Data,ITD-011,Clauses RGPD et audit des sous-traitants,Contrats avec clauses Art. 28. Évaluation initiale + audit annuel des principaux sous-traitants,Sous-traitants ne respectant pas le RGPD — Responsabilité conjointe,Manual,Year,true,Existing,DPO,Échantillonner 10 sous-traitants. Vérifier les contrats et les rapports d'audit.,"[""I - IT""]",false
lib_itd_012,ISO 27001,IT - Data,ITD-012,Anonymisation systématique des données non-prod,Process d'anonymisation appliqué à toute copie de données vers non-prod,Données personnelles non pseudonymisées en non-prod — Risque de fuite,IT-Dependent,Day,true,Existing,IT,Auditer un échantillon d'environnements non-prod. Détecter les données réelles.,"[""I - IT""]",false
lib_itd_013,ISO 27001,IT - Data,ITD-013,Procédure de gestion des violations de données,Procédure avec rôles + délais de notification CNIL (72h) et personnes concernées. Tests annuels,Violation de données non détectée ou non notifiée — Sanction RGPD,Manual,Year,true,Existing,DPO,Vérifier la procédure. Échantillonner les violations de l'année et leur traitement.,"[""I - IT""]",false
lib_itd_014,ISO 27001,IT - Data,ITD-014,Contrôles qualité sur les données critiques,Règles de qualité définies sur les datasets critiques. Reporting et plans d'action,Qualité des données critiques dégradée — Décisions sur des données fausses,IT-Dependent,Month,false,Existing,Data Owners,Vérifier les règles définies et le suivi des écarts.,"[""I - IT""]",false
lib_rd_001,COSO 2013,R&D,RD-001,Comité d'investissement R&D,Tout projet >seuil validé en comité avec business case + alignement stratégique,Projet R&D non aligné avec la stratégie — Allocation budgétaire inefficace,Manual,Day,true,Existing,Direction R&D,Échantillonner 10 projets. Vérifier la trace de validation comité.,"[""F - Finance""]",false
lib_rd_002,COSO 2013,R&D,RD-002,Portfolio management R&D centralisé,Outil de portfolio listant tous les projets. Revue trimestrielle pour détection des doublons,Doublons ou silos R&D — Gaspillage de ressources,Manual,Quarter,false,Existing,Direction R&D,Comparer les projets actifs entre équipes. Détecter les chevauchements.,"[""F - Finance""]",false
lib_rd_003,COSO 2013,R&D,RD-003,Processus de protection de la PI,Comité PI évalue chaque innovation. Dépôt brevet / NDA / secret selon stratégie,Propriété intellectuelle non protégée — Perte de PI au profit des concurrents,Manual,Day,true,Existing,R&D,Échantillonner 10 inventions. Vérifier la décision de protection et son exécution.,"[""F - Finance""]",false
lib_rd_004,COSO 2013,R&D,RD-004,Clauses de PI dans tous les contrats R&D,Modèles de contrat avec clauses de cession PI. Revue Juridique systématique pour contrats R&D,Cession de PI par contrat mal cadré — Perte de propriété,Manual,Day,true,Existing,Juridique,Échantillonner 15 contrats R&D. Vérifier la présence et la validité des clauses PI.,"[""F - Finance""]",false
lib_rd_005,COSO 2013,R&D,RD-005,NDA et accès cloisonné,NDA signés avant tout échange. Accès aux données R&D limité au strict nécessaire,Fuite de R&D par sous-traitant ou partenaire — Perte d'avantage concurrentiel,Manual,Day,true,Existing,R&D,Échantillonner 15 partenaires. Vérifier NDA + cohérence des accès.,"[""F - Finance""]",false
lib_rd_006,COSO 2013,R&D,RD-006,Critères de capitalisation IFRS appliqués et tracés,Critères IAS 38 appliqués (faisabilité technique / commerciale / ressources). Dossier par projet,Capitalisation incorrecte des frais de R&D — Distorsion du résultat,Manual,Day,true,Existing,Comptabilité,Échantillonner 10 projets capitalisés. Vérifier les critères IAS 38.,"[""F - Finance""]",false
lib_rd_007,COSO 2013,R&D,RD-007,Time tracking validé par chef de projet,Saisie hebdomadaire validée par chef de projet. Cohérence avec planning,Temps R&D mal alloué — Capitalisation et CIR erronés,Manual,Week,true,Existing,R&D,Échantillonner 25 saisies. Vérifier la validation et la cohérence.,"[""F - Finance""]",false
lib_rd_008,COSO 2013,R&D,RD-008,Dossier CIR documenté avec critères MESR,Dossier annuel justifiant l'éligibilité (incertitudes scientifiques + démarche). Revue par expert externe,Crédit Impôt Recherche surévalué — Redressement fiscal + pénalités,Manual,Year,true,Existing,Fiscalité,Échantillonner 10 dépenses. Vérifier l'éligibilité et la documentation.,"[""F - Finance""]",false
lib_rd_009,COSO 2013,R&D,RD-009,Suivi mensuel des projets en comité,Comité mensuel de suivi avec KPIs (budget / délai / risques). Décisions tracées,Dérapage budget / délai non détecté — Surcoût et impact stratégique,Manual,Month,false,Existing,Direction R&D,Vérifier les PV sur 3 mois. Échantillonner 5 projets et tester la cohérence des reportings.,"[""F - Finance""]",false
lib_rd_010,COSO 2013,R&D,RD-010,Veille réglementaire et gates de conformité,Veille réglementaire active. Gates de conformité dans le cycle projet (avant industrialisation),Non-conformité réglementaire des produits — Non-mise sur le marché,Manual,Day,true,Existing,R&D,Vérifier le passage des gates pour 5 projets. Cohérence avec le marquage final.,"[""F - Finance""]",false
lib_rd_011,COSO 2013,R&D,RD-011,Sélection et suivi des sous-traitants R&D,Évaluation initiale (technique + financière + sécurité) + revue annuelle,Sous-traitance R&D non maîtrisée — Qualité dégradée + risque PI,Manual,Year,true,Existing,R&D,Échantillonner 10 sous-traitants. Vérifier les évaluations et leur fraîcheur.,"[""F - Finance""]",false
lib_rd_012,COSO 2013,R&D,RD-012,Documentation et knowledge transfer obligatoire,Documentation des projets imposée. Knowledge transfer formalisé avant départs clés,Perte de savoir-faire au départ d'un expert — Risque opérationnel,Manual,Day,false,Existing,R&D,Échantillonner 5 départs experts récents. Vérifier la formalisation du KT.,"[""F - Finance""]",false
